Name1,Surname1,neiyzgp8
Name2,Surname2,pctw9qze
Name3,Surname3,mu3w8n0q
Name4,Surname4,9vbxs28h
Name5,Surname5,0n3lu5ph
Name6,Surname6,bi43talk
Name7,Surname7,w5kcyzb2
Name8,Surname8,ymv14lsc
Name9,Surname9,v8bpduql
Name10,Surname10,l9s8krh7
Name11,Surname11,il4mcud3
Name12,Surname12,qbvw7odc
Name13,Surname13,4n5kfarq
Name14,Surname14,uzk4q1fj
Name15,Surname15,b5p7tmdh
Name16,Surname16,koxwtm74
Name17,Surname17,b9itan4p
Name18,Surname18,5er7wl2u
Name19,Surname19,ev65cgbk
Name20,Surname20,thxyrp4l
Name21,Surname21,3vljtowz
Name22,Surname22,27lopnuz
Name23,Surname23,yjnuvm8p
Name24,Surname24,2od9ig7p
Name25,Surname25,0rwgb8m9
Name26,Surname26,tcoj83gx
Name27,Surname27,gj0bv1pa
Name28,Surname28,m6nwltjk
Name29,Surname29,lkdyn8si
Name30,Surname30,tavso1n0
Name31,Surname31,vdmteo7p
Name32,Surname32,waviqfh1
Name33,Surname33,dktj2w8s
Name34,Surname34,z7iohn3s
Name35,Surname35,ah5j0s8g
Name36,Surname36,mvsz0lwu
Name37,Surname37,ipylxwvu
Name38,Surname38,ap8yhzev
Name39,Surname39,bdkwecgy
Name40,Surname40,j4n56zxi
Name41,Surname41,9maw0obu
Name42,Surname42,arfugwzo
Name43,Surname43,mqbvne2x
Name44,Surname44,quf5ya3z
Name45,Surname45,uih7gq6o
Name46,Surname46,v4x7z6eb
Name47,Surname47,gyqvlz7e
Name48,Surname48,rg2qcazv
Name49,Surname49,o7awl10h
Name50,Surname50,je2ump5r
Name51,Surname51,z2fbty1v
Name52,Surname52,rqbof7kh
Name53,Surname53,0yaie9kd
Name54,Surname54,cuqypbx4
Name55,Surname55,lbv4rsfe
Name56,Surname56,pmg5sbu3
Name57,Surname57,dw6je01l
Name58,Surname58,xg4jcuv2
Name59,Surname59,quprycha
Name60,Surname60,th385vif
Name61,Surname61,1fi7xvd2
Name62,Surname62,69q0c2fz
Name63,Surname63,qi4x8e07
Name64,Surname64,6a0uqc7j
Name65,Surname65,qpv9aig6
Name66,Surname66,d1qplaw0
Name67,Surname67,18sh7640
Name68,Surname68,sd2jr7pk
Name69,Surname69,teynhvox
Name70,Surname70,dneqskpz
Name71,Surname71,9yv1g7k2
Name72,Surname72,mrila0w8
Name73,Surname73,0grw9cna
Name74,Surname74,cnzpx679
Name75,Surname75,s2d814uo
Name76,Surname76,l7srvhb6
Name77,Surname77,dfgt6kly
Name78,Surname78,thso0zqj
Name79,Surname79,xya1vns7
Name80,Surname80,0udfm9nj
Name81,Surname81,a6l8zwek
Name82,Surname82,bh6q8327
Name83,Surname83,9j578gfm
Name84,Surname84,yft8rnb1
Name85,Surname85,mbkzdytr
Name86,Surname86,5dfxnypw
Name87,Surname87,pv9ziq53
Name88,Surname88,1k83d2xn
Name89,Surname89,kvg21oxd
Name90,Surname90,z092sv4n
Name91,Surname91,5yhl8awb
Name92,Surname92,h27pbiqm
Name93,Surname93,x4bglcsi
Name94,Surname94,czg38jnx
Name95,Surname95,l67jct59
Name96,Surname96,cxtbrqo4
Name97,Surname97,jhiznq1o
Name98,Surname98,xk693ezh
Name99,Surname99,b1u7oms3
Name100,Surname100,i64tzvl9
Name101,Surname101,74yxdkos
Name102,Surname102,y9dptgko
Name103,Surname103,jyms8tzu
Name104,Surname104,0u4mgt8c
Name105,Surname105,zq6w0tku
Name106,Surname106,9hsg2u03
Name107,Surname107,y0d52km3
Name108,Surname108,ifvx32nd
Name109,Surname109,fm3s6472
Name110,Surname110,xpy7l1vu
Name111,Surname111,si14mwyj
Name112,Surname112,46x2k9yn
Name113,Surname113,q27ht95f
Name114,Surname114,e2hd47j8
Name115,Surname115,9c2tijgb
Name116,Surname116,8s1jg3ay
